,wavelength (nm),processed_sig
0,409.2815245279748,1.8332446978424382
1,409.4933752342073,1.8022893329530227
2,409.70522205151167,1.8150774247069543
3,409.91706497702967,1.7881927593398492
4,410.12890400790405,1.8057054741711642
5,410.34073914127623,1.824917528197825
6,410.5525703742894,1.7932791338625989
7,410.7643977040855,1.7719607419674863
8,410.9762211278072,1.823364780498526
9,411.1880406425974,1.771741731234953
10,411.3998562455988,1.7457418370935271
11,411.6116679339547,1.8014042187168127
12,411.82347570480783,1.7885485777642811
13,412.03527955530205,1.7749023899377816
14,412.2470794825804,1.788160422597363
15,412.4588754837868,1.7479277880618989
16,412.6706675560643,1.7759158912410435
17,412.88245569655726,1.7551514559659092
18,413.0942399024096,1.7156219706344398
19,413.306020170765,1.7058959454563298
20,413.5177964987684,1.7710033538277263
21,413.7295688835635,1.7557894736842106
22,413.9413373222954,1.7634863971400176
23,414.1531018121081,1.7524566720390164
24,414.3648623501469,1.752808988764045
25,414.57661893355646,1.7305030482794297
26,414.7883715594819,1.7242008575021404
27,415.0001202250686,1.7297540215873612
28,415.2118649274617,1.7278567182560765
29,415.4236056638065,1.7269240000317363
30,415.6353424312487,1.714860381973976
31,415.84707522693424,1.726077042144983
32,416.0588040480088,1.7493236738186764
33,416.27052889161854,1.6829753352041952
34,416.4822497549096,1.6889669774760585
35,416.6939666350278,1.7183160754651186
36,416.90567952912016,1.716590417296844
37,417.1173884343333,1.7087461851384789
38,417.3290933478134,1.665320103641669
39,417.5407942667077,1.6508137298371115
40,417.7524911881631,1.6943082418853361
41,417.9641841093266,1.7072432883035074
42,418.1758730273457,1.6704039754995832
43,418.38755793936735,1.6390509251248004
44,418.5992388425397,1.6453223288336842
45,418.81091573401005,1.6485199840416631
46,419.02258861092633,1.6646959888534543
47,419.2342574704365,1.6103738283231155
48,419.4459223096884,1.6774327627620338
49,419.65758312583074,1.6482058170795735
50,419.8692399160116,1.67806514782789
51,420.08089267737967,1.6254057636307673
52,420.29254140708366,1.5996004093660143
53,420.504186102272,1.6256983636172202
54,420.71582676009416,1.633353572408767
55,420.9274633776988,1.6318968096361703
56,421.1390959522354,1.6188198253868866
57,421.35072448085344,1.6241823496776655
58,421.5623489607021,1.6112192363025593
59,421.7739693889313,1.5669427017110749
60,421.98558576269113,1.6026033783519005
61,422.1971980791306,1.5866460923308066
62,422.4088063354008,1.5770907671094394
63,422.6204105286515,1.596161265804972
64,422.83201065603294,1.574961901799729
65,423.0436067146962,1.639953979303886
66,423.2551987017913,1.6221876656241445
67,423.4667866144696,1.5702199661590523
68,423.6783704498821,1.581821500423776
69,423.8899502051793,1.5966354319546896
70,424.1015258775127,1.5604929762844904
71,424.31309746403394,1.59375
72,424.5246649618945,1.577501473307355
73,424.7362283682456,1.5601627869234094
74,424.9477876802397,1.561851806640625
75,425.1593428950288,1.5551864607125552
76,425.37089400976447,1.556331636486402
77,425.58244102159927,1.5553942288186602
78,425.7939839276857,1.5497213510727554
79,426.00552272517615,1.5174614654021212
80,426.2170574112234,1.5231265353301304
81,426.4285879829805,1.5439727307647098
82,426.64011443760006,1.5114742377423274
83,426.8516367722356,1.5528150134048258
84,427.0631549840402,1.5218216117400776
85,427.27466907016753,1.532490068804634
86,427.486179027771,1.5060912043667942
87,427.6976848540043,1.541170378042465
88,427.90918654602143,1.5264424555198943
89,428.1206841009764,1.513955091671768
90,428.33217751602336,1.4833134253060618
91,428.5436667883169,1.4800066710805595
92,428.75515191501137,1.5068123855552367
93,428.9666328932613,1.4938435734486946
94,429.1781097202213,1.4780429673223547
95,429.3895823930468,1.4757863205192212
96,429.6010509088925,1.4614877135017375
97,429.8125152649138,1.4850377064188973
98,430.0239754582661,1.5048464741713898
99,430.23543148610486,1.4847176288706578
100,430.446883345586,1.498687744140625
101,430.658331033865,1.457517426431398
102,430.86977454809784,1.4633520945708745
103,431.08121388544106,1.467231851826777
104,431.2926490430508,1.4670269612842348
105,431.5040800180832,1.4491149391316114
106,431.71550680769536,1.4434453383814483
107,431.9269294090437,1.440863606991031
108,432.1383478192851,1.438375515320967
109,432.3497620355767,1.452927400468384
110,432.56117205507576,1.4509019334831748
111,432.77257787493954,1.4304207119741101
112,432.98397949232566,1.4458899676593095
113,433.19537690439194,1.4339213110056872
114,433.40677010829575,1.4422018348623853
115,433.6181591011954,1.4177758128011702
116,433.8295438802488,1.4601566098572087
117,434.0409244426145,1.4487297961862948
118,434.2523007854508,1.4236737314474148
119,434.4636729059163,1.4337777777777778
120,434.6750408011696,1.4150831822359864
121,434.88640446836973,1.4278923715157408
122,435.09776390467584,1.4310217875751226
123,435.3091191072471,1.431557204960072
124,435.52047007324273,1.4413111141209654
125,435.7318167998222,1.4080307777208814
126,435.9431592841455,1.4014853647881171
127,436.1544975233722,1.4353663063170212
128,436.36583151466255,1.4018905548520748
129,436.57716125517624,1.4308639256416025
130,436.7884867420738,1.4123681715006806
131,436.99980797251607,1.4133634845612337
132,437.211124943663,1.41951009864363
133,437.4224376526761,1.428652382104412
134,437.63374609671536,1.412991360321692
135,437.84505027294273,1.4099129957050227
136,438.056350178519,1.4162116757664847
137,438.2676458106057,1.4324399095084799
138,438.47893716636446,1.4152611748627835
139,438.69022424295673,1.409931125571308
140,438.9015070375446,1.4459795092884664
141,439.1127855472904,1.4403846341517645
142,439.3240597693556,1.4169500512899558
143,439.5353297009031,1.4267240956195322
144,439.7465953390952,1.4009610055726436
145,439.95785668109465,1.4234087798973503
146,440.16911372406406,1.4162538029501823
147,440.3803664651671,1.477861812618547
148,440.591614901566,1.446383487598537
149,440.8028590304247,1.4622604979219889
150,441.0140988489064,1.4363755514985144
151,441.2253343541748,1.4419831867459454
152,441.43656554339367,1.4466971007351188
153,441.64779241372713,1.4678874208676618
154,441.85901496233896,1.4275764625327674
155,442.0702331863937,1.4540823447052924
156,442.2814470830557,1.4563330155483947
157,442.4926566494897,1.4788298691301
158,442.70386188286005,1.4641124506106322
159,442.9150627803321,1.4578282211766098
160,443.1262593390706,1.4767676151160039
161,443.33745155624126,1.4724064797568663
162,443.54863942900903,1.466567362823316
163,443.7598229545397,1.490102692760718
164,443.971002129999,1.4994410177525195
165,444.1821769525527,1.4916091197186647
166,444.393347419367,1.4829698226838202
167,444.604513527608,1.5458197199493025
168,444.8156752744422,1.496706469211167
169,445.026832657036,1.5391806047413257
170,445.23798567255614,1.5093520337919846
171,445.44913431816974,1.5602608803146232
172,445.66027859104366,1.5372789110356764
173,445.8714184883452,1.5524508853699766
174,446.0825540072416,1.5413920358884081
175,446.2936851449005,1.5438888096739196
176,446.5048118984894,1.599087243622647
177,446.7159342651765,1.5714455009636787
178,446.92705224212943,1.592274092256431
179,447.13816582651685,1.5617819335302658
180,447.34927501550686,1.5964933295681127
181,447.5603798062679,1.6044627588625415
182,447.7714801959689,1.5999536899540727
183,447.9825761817787,1.6107601768092106
184,448.1936677608661,1.5929993136582017
185,448.4047549304007,1.615866388308977
186,448.6158376875512,1.6278694426940283
187,448.826916029488,1.6489447351761966
188,449.0379899533801,1.6065573770491803
189,449.2490594563978,1.6470991418635719
190,449.46012453571086,1.65418855106444
191,449.6711851884896,1.6620870547488062
192,449.8822414119043,1.6521150592216582
193,450.0932932031256,1.6677626833598056
194,450.3043405593244,1.6876910415543036
195,450.5153834776712,1.673281703298436
196,450.7264219553372,1.6952423930586589
197,450.93745598949374,1.698058805720073
198,451.14848557731216,1.727526000895681
199,451.35951071596367,1.6886450821706656
200,451.5705314026205,1.7241833683696461
201,451.78154763445434,1.7069684650448893
202,451.99255940863713,1.7264130500920902
203,452.2035667223413,1.7096314513647113
204,452.414569572739,1.7365716140720675
205,452.6255679570031,1.6947140789340616
206,452.8365618723065,1.7399180436169321
207,453.0475513158213,1.7117969224734735
208,453.25853628472174,1.7518829877642834
209,453.46951677618006,1.7404020955818793
210,453.6804927873702,1.7441169266386425
211,453.8914643154659,1.7711929326257734
212,454.1024313576402,1.759200153588908
213,454.31339391106815,1.7609317554171497
214,454.5243519729231,1.7695403804567784
215,454.7353055403795,1.7480004662180586
216,454.9462546106119,1.779497947762995
217,455.1571991807946,1.7785692295193258
218,455.3681392481032,1.7802607076350092
219,455.5790748097118,1.7867746116417362
220,455.790005862796,1.7732935298412704
221,456.0009324045313,1.805714190905159
222,456.2118544320928,1.7966584669640129
223,456.4227719426567,1.7758268625224816
224,456.6336849333982,1.822642038206218
225,456.8445934014937,1.8038976857490865
226,457.05549734411954,1.8244615966216928
227,457.26639675845195,1.8188089231972053
228,457.4772916416672,1.8196770189291862
229,457.6881819909425,1.8347241765499813
230,457.8990678034545,1.8660219111230734
231,458.1099490763805,1.8631863186318631
232,458.32082580689735,1.834124111478722
233,458.5316979921828,1.8487626453434636
234,458.7425656294144,1.8494706594136519
235,458.95342871577,1.8729939973424559
236,459.16428724842734,1.8803031371359862
237,459.37514122456486,1.8877473255169517
238,459.5859906413606,1.8762409609431703
239,459.79683549599326,1.8986255042584201
240,460.0076757856414,1.9004533639725454
241,460.218511507484,1.8969249016766279
242,460.4293426586997,1.9042200557876956
243,460.64016923646807,1.9443276676544858
244,460.8509912379686,1.9334220589664382
245,461.06180866038056,1.9608510638297871
246,461.27262150088393,1.9538127565530319
247,461.48342975665827,1.9526049879350813
248,461.69423342488386,1.9776903802552024
249,461.9050325027411,1.983603605431655
250,462.1158269874104,2.015769762446653
251,462.3266168760724,1.9964852420135797
252,462.5374021659077,1.9643473418315143
253,462.74818285409754,2.027637032381884
254,462.9589589378232,2.0357437448446523
255,463.16973041426553,2.039349176774475
256,463.38049728060656,2.04622795736077
257,463.5912595340279,2.08658398950578
258,463.80201717171127,2.0626682973979955
259,464.01277019083886,2.0892548206113464
260,464.22351858859287,2.1319160534205506
261,464.4342623621558,2.1246519516197706
262,464.6450015087104,2.1436007021573773
263,464.8557360254391,2.1427160893939408
264,465.0664659095253,2.1437211825473588
265,465.277191158152,2.177028871973498
266,465.48791176850256,2.1600561048916194
267,465.69862773776026,2.197500039929034
268,465.9093390631092,2.1975113059444005
269,466.1200457417329,2.228676680930983
270,466.33074777081583,2.2089029947916665
271,466.5414451475421,2.21980692618511
272,466.7521378690961,2.2442510467810086
273,466.9628259326625,2.260145681581686
274,467.1735093354258,2.2574748826723474
275,467.3841880745716,2.258042528090782
276,467.5948621472848,2.2833460671142016
277,467.80553155075046,2.2899711015728736
278,468.01619628215457,2.2983360555044516
279,468.22685633868286,2.3104936443933375
280,468.437511717521,2.351321624085632
281,468.64816241585527,2.3531284363906737
282,468.85880843087193,2.3363388540133405
283,469.0694497597572,2.33944652319098
284,469.2800863996978,2.369863142031884
285,469.490718347881,2.3834845946764727
286,469.70134560149336,2.3695313942840435
287,469.9119681577224,2.4082575091233696
288,470.1225860137556,2.4210179822198277
289,470.3331991667801,2.3981767547558093
290,470.543807613984,2.4389489469253625
291,470.7544113525553,2.4384248884384716
292,470.96501037968216,2.4517469435865915
293,471.1756046925527,2.430033678757387
294,471.3861942883556,2.479864962623583
295,471.59677916427927,2.49370228828219
296,471.8073593175134,2.4727387578623383
297,472.0179347452462,2.4670753081752834
298,472.22850544466735,2.50190358230855
299,472.4390714129664,2.46798547272563
300,472.6496326473329,2.5244639710919716
301,472.8601891449565,2.510071245664825
302,473.0707409030277,2.5518376579856796
303,473.2812879187363,2.5373342481661054
304,473.4918301892729,2.5418081317925507
305,473.7023677118282,2.578157841386169
306,473.9129004835926,2.5616857489224136
307,474.1234285017574,2.569175284909076
308,474.3339517635138,2.601262001890005
309,474.5444702660529,2.6066635816751504
310,474.7549840065666,2.599019784196369
311,474.9654929822463,2.5931316806913807
312,475.17599719028414,2.616288059730418
313,475.3864966278724,2.6043633480532793
314,475.596991292203,2.621066078981481
315,475.8074811804688,2.593862249753342
316,476.01796628986233,2.6321581900518742
317,476.2284466175763,2.603610944740924
318,476.43892216080417,2.648079056889384
319,476.64939291673915,2.645838021756592
320,476.8598588825742,2.656159272541901
321,477.07032005550377,2.6540630925065947
322,477.280776432721,2.664902292057234
323,477.49122801142056,2.67724168319013
324,477.7016747887964,2.6873623954205197
325,477.9121167620428,2.667248583110541
326,478.1225539283544,2.686697735127475
327,478.33298628492633,2.6678155967255495
328,478.5434138289533,2.682644363904492
329,478.7538365576306,2.703304531307473
330,478.96425446815385,2.7183667806159817
331,479.1746675577186,2.6799856828902335
332,479.3850758235202,2.686975135658348
333,479.59547926275496,2.725824870347163
334,479.8058778726193,2.7412488195858336
335,480.016271650309,2.7024584147753443
336,480.2266605930213,2.703654204046457
337,480.4370446979522,2.712382623514409
338,480.6474239622995,2.7299599314866723
339,480.8577983832598,2.751717808653141
340,481.0681679580307,2.7270833333333333
341,481.27853268380966,2.720271554578745
342,481.4888925577943,2.719237172001236
343,481.69924757718286,2.7105534129510787
344,481.9095977391732,2.730608840700584
345,482.11994304096373,2.7314986566961514
346,482.3302834797533,2.7542919257957355
347,482.54061905274017,2.7476122432874663
348,482.75094975712346,2.758403960803118
349,482.96127559010233,2.7742068092198213
350,483.1715965488761,2.739391420322303
351,483.3819126306444,2.7517653932965938
352,483.5922238326068,2.7605596184337875
353,483.8025301519632,2.7814633481137387
354,484.01283158591366,2.771087475349098
355,484.22312813165854,2.7544950856602166
356,484.4334197863986,2.757194640801027
357,484.64370654733455,2.7886188859461605
358,484.8539884116671,2.7505460079106796
359,485.0642653765972,2.7489401812773253
360,485.27453743932654,2.769067636305043
361,485.4848045970563,2.8091776425736192
362,485.6950668469886,2.7550096146915144
363,485.905324186325,2.787986734220297
364,486.11557661226766,2.7728469398890843
365,486.3258241220192,2.753991591825513
366,486.5360667127818,2.7781565046374155
367,486.7463043817583,2.760749617318008
368,486.9565371261516,2.7458873621056705
369,487.1667649431648,2.7737484426676122
370,487.37698783000144,2.7484735050839224
371,487.5872057838649,2.7584171326874762
372,487.7974188019587,2.777086513218432
373,488.0076268814869,2.795428128632313
374,488.2178300196538,2.7933970003857165
375,488.4280282136637,2.7480355498455324
376,488.638221460721,2.798478043685916
377,488.84840975803047,2.749763212729684
378,489.05859310279703,2.776829939242553
379,489.26877149222616,2.755301222042687
380,489.47894492352265,2.7638906152832643
381,489.6891133938926,2.774926253429738
382,489.8992769005413,2.781668429154194
383,490.1094354406751,2.764906107496319
384,490.3195890115,2.7677654876730475
385,490.5297376102223,2.756892020355807
386,490.7398812340484,2.761215331759328
387,490.95001988018566,2.7697734868176753
388,491.1601535458405,2.785156640001391
389,491.37028222822073,2.725659444132091
390,491.58040592453307,2.751410410630519
391,491.79052463198536,2.776409533659067
392,492.0006383477856,2.7477922514503015
393,492.2107470691415,2.779390105666628
394,492.4208507932617,2.741011133418507
395,492.6309495173544,2.756911400769547
396,492.84104323862806,2.7633141862284964
397,493.0511319542917,2.777974459442626
398,493.2612156615544,2.776636520870952
399,493.47129435762525,2.74964001931266
400,493.68136803971373,2.757177281475333
401,493.89143670503,2.7626497006482778
402,494.10150035078334,2.7334011435288668
403,494.3115589741839,2.7805054614321962
404,494.5216125724422,2.752509757237327
405,494.7316611427688,2.769664385678957
406,494.941704682374,2.764435461569893
407,495.151743188469,2.744012175536528
408,495.3617766582652,2.744310380109947
409,495.5718050889733,2.775544269968254
410,495.78182847780533,2.7462810674525517
411,495.9918468219728,2.7609018015559186
412,496.201860118688,2.7685852380760703
413,496.4118683651625,2.7369705315652224
414,496.6218715586094,2.7338701407726638
415,496.8318696962408,2.755628365169337
416,497.0418627752697,2.7536214560589447
417,497.2518507929091,2.7392806447437663
418,497.46183374637206,2.736489333167158
419,497.6718116328721,2.760643803337769
420,497.8817844496231,2.7566228025123927
421,498.09175219383866,2.7440279771412537
422,498.301714862733,2.7462479443440535
423,498.5116724535203,2.752468387320284
424,498.721624963415,2.7718015665796343
425,498.9315723896319,2.7280837193343626
426,499.14151472938573,2.7479310344827588
427,499.35145197989215,2.738379094766987
428,499.5613841383658,2.7769709543568464
429,499.7713112020226,2.7600024081926984
430,499.98123316807846,2.715131837798149
431,500.19115003374895,2.7410431946215987
432,500.4010617962509,2.723204663266575
433,500.6109684527999,2.7352157750769517
434,500.8208700006132,2.7474620354301873
435,501.0307664369072,2.7445422525193797
436,501.24065775889926,2.749857885491073
437,501.4505439638066,2.726854300888496
438,501.66042504884655,2.7594593789620983
439,501.870301011237,2.738229473073893
440,502.0801718481956,2.7734357014395554
441,502.2900375569406,2.7778092977943047
442,502.49989813469045,2.7253950735848265
443,502.7097535786637,2.7712928401764505
444,502.9196038860788,2.7677595306502005
445,503.12944905415486,2.748115544262569
446,503.33928908011137,2.7437813377920794
447,503.54912396116737,2.7422346021802992
448,503.7589536945427,2.744557828566023
449,503.9687782774572,2.7569345716433364
450,504.1785977071308,2.7247324205557604
451,504.3884119807838,2.723523247777126
452,504.5982210956368,2.7219652981452414
453,504.8080250489106,2.7200836243378337
454,505.017823837826,2.7246009858922755
455,505.227617459604,2.7302145168962166
456,505.437405911466,2.7200569011059037
457,505.6471891906339,2.7067441426020724
458,505.8569672943292,2.6991217250913335
459,506.066740219774,2.7161115574133357
460,506.2765079641905,2.699395266063537
461,506.4862705248013,2.676607981901719
462,506.696027898829,2.710186577400251
463,506.90578008349627,2.7180937172490536
464,507.1155270760266,2.711410048914981
465,507.3252688736432,2.713012597986194
466,507.5350054735693,2.7122209735175105
467,507.7447368730289,2.7118554152914185
468,507.95446306924623,2.6961448286583987
469,508.1641840594451,2.695898813945551
470,508.3738998408503,2.7167979643586553
471,508.58361041068633,2.7218559742203827
472,508.7933157661778,2.7013055180855314
473,509.0030159045502,2.70825544095577
474,509.2127108230288,2.71009652981903
475,509.4224005188388,2.7049727617642185
476,509.6320849892061,2.6873746409469095
477,509.8417642313569,2.704851033035491
478,510.05143824251735,2.7089063513735407
479,510.2611070199136,2.685486375504443
480,510.47077056077234,2.679034433748227
481,510.6804288623207,2.721679100131373
482,510.8900819217855,2.7018210678874777
483,511.0997297363944,2.677561282212445
484,511.3093723033746,2.6630210366447846
485,511.51900961995386,2.6882035021415067
486,511.72864168336014,2.6743581745331344
487,511.93826849082194,2.690556424101451
488,512.1478900395674,2.7049529821490803
489,512.3575063268253,2.675471509876676
490,512.5671173498246,2.6912448563470406
491,512.7767231057941,2.6885432102809497
492,512.9863235919634,2.6970420684202145
493,513.1959188055619,2.6797398544139592
494,513.4055087438193,2.693896684418686
495,513.6150934039657,2.675518035146337
496,513.8246727832314,2.6895016662436806
497,514.0342468788467,2.7073159488920857
498,514.2438156880424,2.6790368572210195
499,514.4533792080492,2.695271702052737
500,514.6629374360988,2.6680016380321248
501,514.8724903694215,2.6808707121387685
502,515.0820380052497,2.690994482616529
503,515.291580340815,2.7024759552779054
504,515.5011173733494,2.688650766537572
505,515.7106491000851,2.6728742707132964
506,515.9201755182546,2.679166487700279
507,516.1296966250908,2.6997458715814617
508,516.3392124178263,2.6835599909807413
509,516.5487228936942,2.672279008679552
510,516.7582280499286,2.68185268439698
511,516.9677278837622,2.659490698800746
512,517.1772223924295,2.6862526401457165
513,517.3867115731641,2.6509453261868186
514,517.5961954232008,2.6705201984427007
515,517.8056739397737,2.6752166397911394
516,518.0151471201177,2.6480313466812953
517,518.224614961468,2.6882425642109644
518,518.4340774610595,2.6834158809228477
519,518.6435346161276,2.6917950283344956
520,518.8529864239083,2.65795446491095
521,519.0624328816374,2.6744626443162827
522,519.2718739865508,2.666002851196863
523,519.4813097358851,2.6904796507464677
524,519.6907401268767,2.6503321988271233
525,519.9001651567629,2.677937369325156
526,520.1095848227801,2.688953856622086
527,520.3189991221659,2.666600874348079
528,520.5284080521577,2.6642676934653218
529,520.7378116099937,2.671929609441379
530,520.9472097929112,2.6693932264061666
531,521.1566025981488,2.683678460490047
532,521.3659900229449,2.6528703023421913
533,521.575372064538,2.6653551386984047
534,521.7847487201672,2.6505952249156284
535,521.9941199870715,2.6839219782571977
536,522.2034858624904,2.688906344792729
537,522.4128463436633,2.66815679991915
538,522.6222014278303,2.6848529060695356
539,522.8315511122313,2.6838427947598253
540,523.0408953941069,2.6782725828146208
541,523.2502342706969,2.682407907722598
542,523.4595677392429,2.6506733282400488
543,523.668895796985,2.6742873679641153
544,523.8782184411656,2.6706213304951043
545,524.087535669025,2.689552064034176
546,524.2968474778056,2.6886895863879445
547,524.5061538647493,2.675014291115184
548,524.7154548270977,2.6782083876494114
549,524.924750362094,2.6672065087484382
550,525.1340404669802,2.6838165029385985
551,525.3433251389996,2.680881505355489
552,525.552604375395,2.6783981425898507
553,525.7618781734099,2.70687092048097
554,525.971146530288,2.6875888989994
555,526.1804094432728,2.709893179462055
556,526.3896669096085,2.707466837719633
557,526.5989189265395,2.6688084971178236
558,526.8081654913102,2.6826557445272368
559,527.0174066011654,2.685760317904917
560,527.2266422533497,2.6758602441008703
561,527.4358724451091,2.6838041983240117
562,527.6450971736887,2.6963502193132998
563,527.8543164363342,2.677568504442286
564,528.0635302302912,2.6602369632915317
565,528.2727385528066,2.708389999646604
566,528.481941401126,2.684821170076502
567,528.6911387724969,2.704676216778354
568,528.9003306641655,2.6737948330055294
569,529.1095170733792,2.7140113628422893
570,529.3186979973856,2.6830446900144156
571,529.5278734334319,2.7124315304301705
572,529.7370433787661,2.7110386277655025
573,529.9462078306361,2.690029645679027
574,530.1553667862909,2.6977194472283257
575,530.3645202429785,2.721376880841081
576,530.5736681979477,2.6859064678422926
577,530.7828106484478,2.7207484870490415
578,530.9919475917278,2.704101998491494
579,531.2010790250373,2.720494481069105
580,531.4102049456263,2.7247032436516534
581,531.6193253507447,2.7241252926341124
582,531.8284402376426,2.738017433868559
583,532.0375496035705,2.730855834751842
584,532.2466534457791,2.7366332671438225
585,532.4557517615198,2.7346116576985127
586,532.6648445480431,2.7251024773344623
587,532.8739318026011,2.758652492037845
588,533.0830135224452,2.7474822662468887
589,533.2920897048273,2.7704491522636605
590,533.5011603469995,2.73185578467422
591,533.7102254462147,2.745689160941516
592,533.9192849997248,2.7744842675366312
593,534.1283390047834,2.759064508992035
594,534.3373874586431,2.7463546931875897
595,534.5464303585579,2.748988945807495
596,534.7554677017807,2.7487984449037337
597,534.9644994855661,2.7791265341718296
598,535.1735257071678,2.7493066418187992
599,535.3825463638401,2.7857979594820956
600,535.5915614528377,2.7905284580590726
601,535.8005709714157,2.7724962364829695
602,536.009574916829,2.7927703900323326
603,536.2185732863328,2.7879545311132805
604,536.427566077183,2.802410294010587
605,536.6365532866351,2.7964798174293817
606,536.8455349119454,2.80227449997672
607,537.0545109503702,2.8173004194547824
608,537.2634813991658,2.8183752542991707
609,537.4724462555895,2.816202926081662
610,537.6814055168977,2.847647866392261
611,537.8903591803484,2.851058143304853
612,538.0993072431987,2.84376369125789
613,538.3082497027065,2.840019240336413
614,538.5171865561299,2.838468608281592
615,538.7261178007269,2.889272896450884
616,538.9350434337566,2.855491421064301
617,539.1439634524771,2.8892726568728406
618,539.3528778541481,2.8943991010782115
619,539.5617866360285,2.909776351565575
620,539.7706897953776,2.909282422646478
621,539.9795873294556,2.901514426299786
622,540.1884792355223,2.927004539463402
623,540.3973655108382,2.8897879271779625
624,540.6062461526636,2.8906087498873902
625,540.8151211582593,2.9243850282434085
626,541.0239905248864,2.961933396568113
627,541.2328542498058,2.925020656899673
628,541.4417123302792,2.9589219106808917
629,541.6505647635686,2.962467613319297
630,541.8594115469359,2.9616181937284938
631,542.068252677643,2.9928908148884026
632,542.277088152953,2.984154216748955
633,542.4859179701281,2.987351488925475
634,542.6947421264317,3.006129662063795
635,542.9035606191269,3.0295583954926415
636,543.112373445477,2.996708219106708
637,543.321180602746,3.0341062024164676
638,543.529982088198,3.0237308357285198
639,543.7387778990972,3.0566500999817423
640,543.9475680327077,3.0734555197399405
641,544.1563524862948,3.069606205388912
642,544.3651312571232,3.0707061930077018
643,544.5739043424584,3.1070746831287677
644,544.7826717395657,3.125970746507088
645,544.9914334457105,3.1230995956001717
646,545.20018945816,3.1260746451849246
647,545.4089397741793,3.1486059145281886
648,545.6176843910355,3.170925501398274
649,545.8264233059949,3.1646179191483967
650,546.0351565163252,3.1835842401244854
651,546.2438840192931,3.19759717880674
652,546.4526058121664,3.2032745591939547
653,546.6613218922129,3.208001992687797
654,546.8700322567005,3.2431476569407605
655,547.0787369028975,3.259079564491525
656,547.2874358280726,3.2632502410281385
657,547.4961290294945,3.275136025330682
658,547.7048165044324,3.2977994990620387
659,547.9134982501553,3.312362467636449
660,548.122174263933,3.3213588604683797
661,548.3308445430353,3.3485149347467646
662,548.5395090847321,3.3320428081702045
663,548.7481678862938,3.350660146581064
664,548.9568209449914,3.3680177953534356
665,549.1654682580951,3.36637561349979
666,549.3741098228767,3.4161828289067326
667,549.5827456366067,3.446773544979365
668,549.7913756965572,3.4201459664827563
669,550.0000000000001,3.456659177430017
670,550.2086185442075,3.462332237150877
671,550.4172313264517,3.5033813267691274
672,550.6258383440052,3.5203851983532153
673,550.8344395941411,3.544528719674285
674,551.0430350741323,3.5264157111490895
675,551.2516247812526,3.6059118133597394
676,551.4602087127755,3.5974324815308223
677,551.6687868659747,3.6241927041512514
678,551.8773592381248,3.644399199163279
679,552.0859258264996,3.637737890646115
680,552.2944866283743,3.6346570397111915
681,552.5030416410236,3.700774830677972
682,552.711590861723,3.692023461739062
683,552.920134287748,3.7220109741699794
684,553.1286719163737,3.7501693190990077
685,553.337203744877,3.773578793754582
686,553.5457297705332,3.8283788662895657
687,553.7542499906195,3.8086636753975434
688,553.9627644024124,3.85093910754875
689,554.1712730031887,3.8610036303933497
690,554.3797757902262,3.90426977444469
691,554.588272760802,3.931015508660533
692,554.7967639121944,3.9287269819995028
693,555.0052492416808,3.9535235117280285
694,555.2137287465399,3.9932111271462403
695,555.4222024240505,4.024112422729177
696,555.630670271491,3.9982729343282704
697,555.8391322861409,4.051293982708849
698,556.0475884652792,4.104493454416795
699,556.2560388061856,4.106373008434864
700,556.4644833061403,4.156407590482989
701,556.6729219624232,4.168130802097328
702,556.881354772315,4.205959540748279
703,557.0897817330957,4.225025304108387
704,557.2982028420471,4.227894309309729
705,557.5066180964498,4.2839671291790316
706,557.7150274935855,4.3039720284944325
707,557.9234310307361,4.293841566830254
708,558.131828705183,4.3350279675583545
709,558.3402205142091,4.384746471997102
710,558.5486064550965,4.391560013836043
711,558.7569865251286,4.429121216048054
712,558.9653607215876,4.458688923835303
713,559.1737290417572,4.482108584870109
714,559.382091482921,4.514244346535506
715,559.5904480423628,4.553796384308199
716,559.7987987173669,4.582486671650964
717,560.0071435052173,4.614967072243891
718,560.215482403199,4.611311684483889
719,560.4238154085965,4.654862687771304
720,560.6321425186952,4.678156494495714
721,560.8404637307807,4.666541178971047
722,561.0487790421384,4.703118605394043
723,561.2570884500543,4.738584070328368
724,561.4653919518148,4.778250090860747
725,561.6736895447063,4.787717889683687
726,561.8819812260155,4.8220327760159405
727,562.0902669930296,4.898646956085992
728,562.2985468430353,4.8721275773556405
729,562.506820773321,4.8898465976517
730,562.7150887811744,4.938200837959364
731,562.9233508638825,4.980541404061625
732,563.1316070187352,4.989001711597038
733,563.3398572430201,5.012020152823294
734,563.5481015340266,5.064645008864364
735,563.7563398890435,5.090377249095175
736,563.9645723053604,5.119269302490018
737,564.1727987802674,5.154556135291923
738,564.3810193110536,5.203189015612889
739,564.5892338950098,5.201017580824838
740,564.7974425294267,5.192708190058319
741,565.0056452115945,5.245184671964225
742,565.2138419388044,5.317402241719462
743,565.422032708348,5.327892510682449
744,565.6302175175169,5.393158596179476
745,565.8383963636026,5.3967395383043115
746,566.0465692438972,5.436315408651048
747,566.2547361556936,5.497051103251733
748,566.4628970962839,5.4959985703229455
749,566.6710520629614,5.53404880813924
750,566.8792010530192,5.55744043477683
751,567.0873440637508,5.579773764152428
752,567.2954810924497,5.5563087688607045
753,567.5036121364102,5.5704982599487325
754,567.7117371929265,5.567709049955243
755,567.919856259293,5.5485473593260615
756,568.1279693328047,5.634210754393709
757,568.3360764107568,5.570660839904301
758,568.5441774904444,5.625538441048194
759,568.7522725691633,5.650463555573977
760,568.9603616442096,5.698945837169627
761,569.168444712879,5.664046092487884
762,569.3765217724683,5.716536136693159
763,569.5845928202745,5.704269638760606
764,569.7926578535937,5.704499292273526
765,570.0007168697241,5.707221709097059
766,570.2087698659628,5.74342338978906
767,570.4168168396079,5.809029085153349
768,570.6248577879574,5.798006748606834
769,570.8328927083091,5.8067968061673145
770,571.0409215979627,5.795165937864954
771,571.2489444542165,5.823810164963219
772,571.4569612743695,5.7757800105764145
773,571.6649720557217,5.828313109206046
774,571.8729767955725,5.847654280721804
775,572.080975491222,5.866200060332025
776,572.2889681399705,5.903207570056802
777,572.4969547391185,5.915457067911509
778,572.704935285967,5.912235035116107
779,572.912909777817,5.877566844521091
780,573.1208782119701,5.994235282576757
781,573.3288405857277,5.914628328315723
782,573.5367968963919,5.930592118301448
783,573.7447471412647,5.947699245069877
784,573.952691317649,5.973824422904641
785,574.1606294228475,5.948786501270888
786,574.3685614541628,5.951407127425763
787,574.5764874088984,5.948381326394216
788,574.7844072843584,5.9737434676442716
789,574.9923210778463,5.954366459017234
790,575.2002287866661,5.969711154153204
791,575.4081304081227,5.977449468838959
792,575.6160259395205,5.97319150910484
793,575.8239153781644,6.002107481559537
794,576.0317987213601,5.973746951724609
795,576.2396759664127,5.965316609926098
796,576.4475471106282,6.0047894759051355
797,576.6554121513127,5.916959097218892
798,576.8632710857728,5.99109809940454
799,577.071123911315,5.986677383758101
800,577.2789706252461,5.988739528953986
801,577.4868112248735,5.978441526776041
802,577.6946457075046,5.965514970549738
803,577.9024740704473,5.9584220236793835
804,578.1102963110096,5.944168597639567
805,578.3181124265,5.893670846080058
806,578.5259224142268,5.946575871381757
807,578.7337262714992,5.932157394843962
808,578.9415239956264,5.916991302082585
809,579.1493155839177,5.924820481516738
810,579.3571010336827,5.90256083718387
811,579.5648803422317,5.883647151311681
812,579.772653506875,5.896393360224841
813,579.9804205249231,5.84597282199917
814,580.1881813936872,5.833926351108553
815,580.3959361104779,5.898739244160279
816,580.6036846726068,5.822071485164832
817,580.8114270773858,5.809164434259498
818,581.019163322127,5.88324734902239
819,581.2268934041424,5.803435843757147
820,581.4346173207447,5.79990333631508
821,581.6423350692467,5.79934830044155
822,581.8500466469616,5.7602679611462
823,582.0577520512027,5.758192460162982
824,582.2654512792838,5.793168219622803
825,582.4731443285189,5.72552512603055
826,582.6808311962221,5.687586437742271
827,582.8885118797082,5.689767063379189
828,583.096186376292,5.726771122011557
829,583.3038546832885,5.702281716271911
830,583.511516798013,5.680132931768616
831,583.7191727177816,5.707699915851682
832,583.9268224399098,5.649251432072008
833,584.1344659617141,5.633594410435179
834,584.342103280511,5.63574222776307
835,584.5497343936172,5.6314474345457874
836,584.75735929835,5.611992063291231
837,584.9649779920269,5.623267833105183
838,585.1725904719653,5.578947314924167
839,585.3801967354837,5.563145039266387
840,585.5877967798995,5.551409149249452
841,585.7953906025317,5.535661131824817
842,586.0029782006993,5.545946134819983
843,586.2105595717212,5.49456786068554
844,586.4181347129168,5.467449096665247
845,586.6257036216057,5.478954438189099
846,586.8332662951084,5.491769525612386
847,587.0408227307445,5.428244830094565
848,587.248372925835,5.421472826228399
849,587.4559168777005,5.395369779882958
850,587.663454583662,5.344143587510034
851,587.8709860410414,5.393519255524541
852,588.0785112471601,5.450795388681107
853,588.28603019934,5.370219429845204
854,588.4935428949034,5.36955670323174
855,588.7010493311733,5.304774840664507
856,588.9085495054719,5.3214982807948115
857,589.1160434151229,5.29308433973532
858,589.3235310574493,5.295683151718357
859,589.5310124297752,5.2927018914473685
860,589.7384875294243,5.217282228614661
861,589.9459563537213,5.195092997419724
862,590.1534188999902,5.236963558966129
863,590.3608751655565,5.128746501072169
864,590.5683251477451,5.1363509168656565
865,590.7757688438816,5.136783431177837
866,590.9832062512912,5.098531826275726
867,591.1906373673004,5.104096791372742
868,591.3980621892358,5.0895544906082195
869,591.6054807144237,5.048621376198167
870,591.812892940191,5.031940044381691
871,592.0202988638652,5.040701397259197
872,592.2276984827731,5.0117941759732805
873,592.4350917942434,4.990103586753494
874,592.6424787956033,4.953698344299527
875,592.8498594841823,4.963420643560257
876,593.057233857308,4.913833665023498
877,593.2646019123097,4.957729731045309
878,593.4719636465168,4.917193114492025
879,593.6793190572589,4.945462195844311
880,593.8866681418657,4.860472054607533
881,594.0940108976672,4.876217186620842
882,594.3013473219942,4.868980552869538
883,594.5086774121772,4.863522134681714
884,594.716001165547,4.843898712300663
885,594.9233185794353,4.821265415648719
886,595.1306296511734,4.778054382653591
887,595.3379343780937,4.7976222767453764
888,595.5452327575276,4.778621191639805
889,595.7525247868083,4.756577814673613
890,595.9598104632681,4.780136892853218
891,596.1670897842403,4.754669559464176
892,596.3743627470583,4.736709657124882
893,596.5816293490558,4.706473781341228
894,596.7888895875666,4.669438516656273
895,596.996143459925,4.651814023865671
896,597.2033909634654,4.658848167539267
897,597.410632095523,4.690889787119875
898,597.6178668534328,4.6446438823086655
899,597.8250952345303,4.644008395179902
900,598.0323172361511,4.619512011195195
901,598.2395328556312,4.58256546137318
902,598.4467420903069,4.585905105107075
903,598.6539449375152,4.572771250636637
904,598.8611413945927,4.531023637711374
905,599.0683314588765,4.533609539339873
906,599.2755151277046,4.49909378746006
907,599.4826923984144,4.479189159982384
908,599.689863268344,4.496867074264506
909,599.8970277348322,4.458750206584787
910,600.1041857952174,4.4277121734539575
911,600.3113374468385,4.43287659643723
912,600.5184826870352,4.40674080601834
913,600.7256215131465,4.362847086588542
914,600.9327539225133,4.355520081315778
915,601.1398799124747,4.36437035164405
916,601.3469994803719,4.345690090611854
917,601.5541126235454,4.299627925932239
918,601.7612193393364,4.322988914581561
919,601.9683196250865,4.336920215038906
920,602.1754134781369,4.320907640706806
921,602.38250089583,4.28480726846955
922,602.5895818755082,4.261951946827873
923,602.7966564145138,4.263912865214226
924,603.0037245101897,4.244644973482966
925,603.2107861598793,4.2632447637267274
926,603.417841360926,4.221324540530107
927,603.6248901106734,4.196884209393907
928,603.831932406466,4.170666687830665
929,604.038968245648,4.201548765173713
930,604.2459976255643,4.164801698310598
931,604.4530205435593,4.134721949334499
932,604.6600369969792,4.146156129002721
933,604.867046983169,4.129678391844344
934,605.0740504994747,4.122966092072892
935,605.2810475432428,4.133631686636842
936,605.4880381118194,4.0778022266072735
937,605.6950222025515,4.072447482919589
938,605.9019998127862,4.076762262620388
939,606.1089709398714,4.080530181863395
940,606.3159355811539,4.028100974829427
941,606.5228937339825,4.06151912777339
942,606.7298453957054,4.049782266226048
943,606.936790563671,4.014383073958114
944,607.1437292352285,4.02584458057955
945,607.350661407727,3.9625338086555164
946,607.5575870785159,3.961459453403017
947,607.7645062449456,3.952660663646386
948,607.9714189043656,3.9607760880964866
949,608.1783250541267,3.962162403614142
950,608.3852246915797,3.945215102844631
951,608.5921178140753,3.9120712008494003
952,608.7990044189656,3.923760399885913
953,609.0058845036017,3.8920142500682267
954,609.212758065336,3.891308213051859
955,609.4196251015205,3.869691219315919
956,609.6264856095078,3.8864828430105973
957,609.8333395866508,3.838427425705498
958,610.040187030303,3.8585825816942405
959,610.2470279378177,3.8373530445059267
960,610.4538623065487,3.8222269084774356
961,610.6606901338502,3.7745819828626916
962,610.8675114170768,3.7961745653675782
963,611.0743261535829,3.8113338998152058
964,611.2811343407236,3.7872742545149096
965,611.4879359758548,3.7718619849080044
966,611.6947310563313,3.74580125274086
967,611.90151957951,3.7604632781060765
968,612.1083015427465,3.74749498997996
969,612.3150769433979,3.7402588357593713
970,612.5218457788208,3.7158900131386656
971,612.7286080463723,3.71802858890176
972,612.9353637434101,3.6830520909757887
973,613.1421128672921,3.7032496282233254
974,613.3488554153762,3.6593133331155254
975,613.5555913850212,3.6972231687961066
976,613.7623207735857,3.6595012710714236
977,613.9690435784285,3.643212347064692
978,614.1757597969096,3.6398346926087117
979,614.3824694263877,3.6351119384227406
980,614.5891724642235,3.6224590554037164
981,614.7958689077774,3.569967416443984
982,615.0025587544098,3.5985666218287817
983,615.2092420014814,3.5728209191311455
984,615.4159186463539,3.6011683292761476
985,615.6225886863884,3.5714285860972512
986,615.829252118947,3.56027828325955
987,616.035908941392,3.5804122122211965
988,616.2425591510854,3.5400903321137513
989,616.4492027453905,3.5423038383397834
990,616.6558397216704,3.508862827950959
991,616.8624700772879,3.499665937689429
992,617.0690938096075,3.4840440038876546
993,617.2757109159927,3.4718348152989016
994,617.482321393808,3.4656255244089924
995,617.688925240418,3.4956065712178943
996,617.895522453188,3.469005815544443
997,618.1021130294829,3.4501135785408557
998,618.3086969666684,3.4928559339458882
999,618.5152742621107,3.467834732999918
1000,618.7218449131755,3.434153393643103
1001,618.9284089172297,3.429543699149967
1002,619.1349662716401,3.413658629462075
1003,619.3415169737741,3.3897404668399873
1004,619.5480610209986,3.396388830568969
1005,619.7545984106819,3.4138246167390385
1006,619.9611291401919,3.376667934181416
1007,620.1676532068971,3.389427050725754
1008,620.3741706081662,3.392204136805299
1009,620.5806813413682,3.356047682621308
1010,620.7871854038725,3.351667862148297
1011,620.9936827930488,3.342279377773669
1012,621.2001735062672,3.3559297824449894
1013,621.4066575408978,3.345907451984757
1014,621.6131348943113,3.3474502978887317
1015,621.8196055638788,3.3306686682916915
1016,622.0260695469715,3.316776826209769
1017,622.2325268409609,3.3213449670142583
1018,622.4389774432187,3.307180630776113
1019,622.6454213511178,3.318712502103027
1020,622.8518585620299,3.3379181190226737
1021,623.058289073328,3.2788834896174
1022,623.2647128823858,3.256843988011556
1023,623.4711299865762,3.2422779705158478
1024,623.6775403832734,3.242854737157721
1025,623.883944069851,3.2446128984003497
1026,624.090341043684,3.213732518391913
1027,624.2967313021469,3.228212013224349
1028,624.5031148426149,3.2181420064078754
1029,624.7094916624628,3.225084826249402
1030,624.9158617590671,3.216675467336349
1031,625.1222251298034,3.220662201193895
1032,625.3285817720481,3.218215633000262
1033,625.5349316831779,3.1810384243449374
1034,625.7412748605695,3.198790264764835
1035,625.9476113016008,3.1636466188995733
1036,626.1539410036486,3.187856287057586
1037,626.3602639640915,3.175678194434481
1038,626.5665801803074,3.1701747574763863
1039,626.772889649675,3.1783882678148476
1040,626.9791923695732,3.1576509563424824
1041,627.185488337381,3.146906502690907
1042,627.3917775504784,3.159070511527876
1043,627.598060006245,3.1340219682047272
1044,627.8043357020606,3.112512400130932
1045,628.0106046353061,3.1162410218448855
1046,628.2168668033624,3.098646793202457
1047,628.4231222036102,3.0997824849892814
1048,628.6293708334314,3.110200041473349
1049,628.8356126902073,3.0829510416666666
1050,629.0418477713208,3.0576581125053455
1051,629.2480760741536,3.068163122995724
1052,629.4542975960884,3.06091577760299
1053,629.6605123345088,3.044951169867704
1054,629.8667202867979,3.047482685956766
1055,630.0729214503392,3.0611287438309667
1056,630.2791158225168,3.031147782286595
1057,630.4853034007153,3.0508533968862013
1058,630.6914841823195,3.0709789450835685
1059,630.8976581647141,3.045641672058759
1060,631.1038253452841,3.020450583044446
1061,631.309985721416,3.0480359192459154
1062,631.5161392904952,3.025407753965461
1063,631.7222860499077,3.0069782413803168
1064,631.9284259970406,2.978697617882801
1065,632.1345591292808,2.989616330301926
1066,632.3406854440153,2.9991750763343377
1067,632.5468049386322,2.9627854914856253
1068,632.7529176105188,2.9698585797202823
1069,632.9590234570637,2.977311433101695
1070,633.1651224756554,2.964277963929503
1071,633.3712146636827,2.973346423388847
1072,633.5773000185351,2.987910585664134
1073,633.7833785376016,2.9881076874541255
1074,633.9894502182723,2.956948574686045
1075,634.1955150579378,2.9556496161208865
1076,634.4015730539879,2.9454532982902033
1077,634.607624203814,2.9321941671292198
1078,634.8136685048071,2.9239355146012724
1079,635.0197059543585,2.9203969996061496
1080,635.2257365498601,2.929411369457508
1081,635.4317602887045,2.9155201806759425
1082,635.6377771682833,2.9006389493432208
1083,635.8437871859901,2.9218603143977946
1084,636.0497903392177,2.888969104335012
1085,636.2557866253592,2.8956034762407907
1086,636.4617760418088,2.8978260869565218
1087,636.6677585859608,2.8500987617924527
1088,636.8737342552091,2.8652887534500944
1089,637.0797030469489,2.8745184279580154
1090,637.2856649585749,2.860754864657212
1091,637.4916199874829,2.8738981058035056
1092,637.6975681310684,2.877292031582086
1093,637.9035093867275,2.836539791826082
1094,638.1094437518566,2.849925208886722
1095,638.3153712238525,2.844852797941273
1096,638.5212918001123,2.8306896383738103
1097,638.7272054780334,2.8041056428015954
1098,638.9331122550132,2.8099162761843286
1099,639.1390121284502,2.8138821983796802
1100,639.3449050957423,2.785213669094367
1101,639.5507911542886,2.807367116689602
1102,639.756670301488,2.821429948916621
1103,639.9625425347398,2.7954512533954867
1104,640.1684078514438,2.7765440871298717
1105,640.3742662490001,2.7909373785040157
1106,640.5801177248088,2.781595785828882
1107,640.7859622762709,2.7675462608124386
1108,640.9917999007871,2.761807409132556
1109,641.1976305957588,2.75275624931776
1110,641.4034543585881,2.748636950749259
1111,641.6092711866766,2.761799338011615
1112,641.8150810774267,2.7331147540983607
1113,642.020884028241,2.747363464267997
1114,642.2266800365227,2.762416925173258
1115,642.432469099675,2.722759747493978
1116,642.638251215102,2.75055255388837
1117,642.844026380207,2.719194067651099
1118,643.0497945923945,2.7144789058057217
1119,643.2555558490699,2.729389349658684
1120,643.4613101476374,2.7103543746644094
1121,643.6670574855024,2.7023582635459054
1122,643.8727978600709,2.709247726857672
1123,644.0785312687487,2.7228254334394024
1124,644.2842577089423,2.68751161542713
1125,644.4899771780582,2.6919302355787265
1126,644.6956896735035,2.6822807884762314
1127,644.9013951926856,2.7047859780243093
1128,645.1070937330119,2.698154268778622
1129,645.3127852918906,2.6929245184009245
1130,645.5184698667301,2.653826204281558
1131,645.7241474549389,2.6845247926417053
1132,645.9298180539262,2.6485507968472715
1133,646.1354816611012,2.643758066867856
1134,646.3411382738736,2.6457825990701793
1135,646.5467878896534,2.660306594374432
1136,646.7524305058508,2.6649239590263862
1137,646.9580661198771,2.6602224622746977
1138,647.1636947291424,2.639111596353237
1139,647.369316331059,2.6315868937927744
1140,647.5749309230378,2.6245713183391963
1141,647.7805385024914,2.619651961537599
1142,647.9861390668318,2.6105728785340165
1143,648.1917326134719,2.5963132050052637
1144,648.3973191398246,2.611123513993375
1145,648.6028986433033,2.5982620320855614
1146,648.808471121322,2.5865001689095064
1147,649.0140365712945,2.613877746116532
1148,649.2195949906348,2.605534298033927
1149,649.4251463767584,2.56814538291791
1150,649.6306907270799,2.5711735635282067
1151,649.8362280390148,2.555675480780104
1152,650.0417583099788,2.5562059843025073
1153,650.247281537388,2.5863843623267995
1154,650.4527977186585,2.5615428290864384
1155,650.6583068512078,2.5842636760601105
1156,650.8638089324523,2.5684794522717036
1157,651.0693039598098,2.573206219880737
1158,651.2747919306979,2.5483289256919353
1159,651.4802728425348,2.5517216523331507
1160,651.6857466927388,2.5343380549229644
1161,651.891213478729,2.528994894928748
1162,652.096673197924,2.5209360717390084
1163,652.3021258477437,2.5446982033506056
1164,652.5075714256079,2.559775131023462
1165,652.7130099289366,2.567470914813802
1166,652.9184413551503,2.545080753726348
1167,653.12386570167,2.5344138796940987
1168,653.3292829659161,2.5376989873176146
1169,653.5346931453114,2.5128418986712164
1170,653.7400962372769,2.5252207278999985
1171,653.9454922392348,2.524946508766644
1172,654.1508811486078,2.5119938708777987
1173,654.3562629628187,2.5146195580184205
1174,654.5616376792908,2.5111084961272434
1175,654.7670052954478,2.4931132779265455
1176,654.9723658087136,2.512572087658593
1177,655.1777192165117,2.4978554669548485
1178,655.3830655162676,2.489193717899357
1179,655.5884047054058,2.5075871655276267
1180,655.7937367813516,2.4727455276581485
1181,655.9990617415305,2.478274366039372
1182,656.2043795833687,2.4880459770114944
1183,656.4096903042923,2.4629474338738113
1184,656.6149939017282,2.4825755827371334
1185,656.820290373103,2.488695760252571
1186,657.0255797158444,2.4686887325567985
1187,657.2308619273796,2.442685333447715
1188,657.436137005137,2.4366352503204327
1189,657.641404946545,2.435654044637144
1190,657.8466657490321,2.4440848278776146
1191,658.0519194100273,2.44667891997515
1192,658.2571659269598,2.4521256537816134
1193,658.46240529726,2.443444753820646
1194,658.6676375183577,2.4470643278627695
1195,658.8728625876828,2.437541135272371
1196,659.0780805026666,2.4136948662002307
1197,659.2832912607399,2.40259893045177
1198,659.4884948593345,2.3924630026250586
1199,659.6936912958821,2.4073930862154618
1200,659.8988805678147,2.4016693455431377
1201,660.1040626725649,2.424211866482178
1202,660.3092376075656,2.401853549119131
1203,660.5144053702496,2.426991679243348
1204,660.7195659580508,2.4230559292868525
1205,660.924719368403,2.3956479177137364
1206,661.1298655987406,2.4000464982802576
1207,661.3350046464977,2.3837379051519108
1208,661.5401365091097,2.397405003958868
1209,661.7452611840115,2.3773145449508415
1210,661.9503786686391,2.371979553903346
1211,662.1554889604281,2.33836579462948
1212,662.3605920568151,2.3651569432265642
1213,662.5656879552365,2.3694984285776717
1214,662.7707766531291,2.373428714721505
1215,662.975858147931,2.373235637479781
1216,663.1809324370793,2.364952541253787
1217,663.3859995180121,2.3600516575759953
1218,663.591059388168,2.3853132059069817
1219,663.7961120449855,2.370776091627445
1220,664.0011574859038,2.362669707423557
1221,664.2061957083624,2.375249779240843
1222,664.4112267098011,2.3358394362338553
1223,664.61625048766,2.3486595116266833
1224,664.8212670393794,2.343559718969555
1225,665.0262763624005,2.3386672312304975
1226,665.2312784541641,2.329763983724595
1227,665.436273312112,2.3476758203907817
1228,665.6412609336861,2.341267384268481
1229,665.8462413163286,2.3409777707132777
1230,666.0512144574817,2.3200565404499036
1231,666.256180354589,2.3257880198508607
1232,666.4611390050933,2.3385984503133974
1233,666.6660904064385,2.319777387826164
1234,666.8710345560684,2.319187367917152
1235,667.0759714514274,2.3099329605029597
1236,667.2809010899604,2.308264324628549
1237,667.4858234691121,2.3064333298962483
1238,667.6907385863283,2.2891243834658423
1239,667.8956464390542,2.320539164704539
1240,668.1005470247362,2.299533383011114
1241,668.3054403408211,2.2992482997255697
1242,668.5103263847549,2.2761866755654383
1243,668.7152051539854,2.280438408386943
1244,668.9200766459601,2.2560653551521765
1245,669.1249408581265,2.288590192178576
1246,669.3297977879331,2.2906990971766414
1247,669.5346474328283,2.289501075973054
1248,669.7394897902611,2.267960117907311
1249,669.9443248576807,2.2385140190559647
1250,670.1491526325367,2.272402751806586
1251,670.3539731122792,2.2855420866453358
1252,670.5587862943586,2.2505875481803512
1253,670.7635921762253,2.2494311588628313
1254,670.9683907553307,2.2491094998970182
1255,671.1731820291258,2.2441045050752857
1256,671.3779659950627,2.256992823035417
1257,671.5827426505933,2.2375673637472886
1258,671.78751199317,2.2596762338812204
1259,671.9922740202461,2.2531082248798846
1260,672.197028729274,2.2650396932402876
1261,672.4017761177078,2.25686345119051
1262,672.6065161830012,2.2418735330860087
1263,672.8112489226085,2.249064663784163
1264,673.015974333984,2.232644974667384
1265,673.220692414583,2.211864406779661
1266,673.4254031618607,2.2025520837584893
1267,673.6301065732728,2.2088512338121777
1268,673.8348026462751,2.224823547483802
1269,674.039491378324,2.210406075242814
1270,674.2441727668763,2.2146840786391544
1271,674.4488468093894,2.2072560926342035
1272,674.6535135033204,2.1977111809353884
1273,674.8581728461271,2.20628440287068
1274,675.0628248352675,2.2316439566363293
1275,675.2674694682006,2.2740671645589
1276,675.4721067423849,2.203204195699654
1277,675.6767366552797,2.2115321426145633
1278,675.8813592043444,2.196225799712052
1279,676.0859743870394,2.208152205540037
1280,676.2905822008246,2.218561878753385
1281,676.4951826431609,2.208244854065269
1282,676.699775711509,2.1972582110656704
1283,676.9043614033307,2.19538655792454
1284,677.1089397160875,2.167096998827454
1285,677.3135106472413,2.1778880154452973
1286,677.5180741942547,2.1716586961993456
1287,677.722630354591,2.151954736731058
1288,677.9271791257128,2.1751478913338516
1289,678.1317205050835,2.1597641882324567
1290,678.3362544901674,2.1706325305594953
1291,678.5407810784285,2.155409311361624
1292,678.7453002673316,2.152348202302822
1293,678.9498120543418,2.170364187954965
1294,679.1543164369239,2.1670751219826205
1295,679.3588134125439,2.163919099115521
1296,679.5633029786679,2.176908394224174
1297,679.7677851327624,2.1634146134899885
1298,679.9722598722936,2.1587287126507406
1299,680.1767271947296,2.1619768746787873
1300,680.381187097537,2.173673520316536
1301,680.5856395781842,2.154436206832887
1302,680.7900846341391,2.1362233045580594
1303,680.9945222628703,2.146349897724298
1304,681.198952461847,2.1398101352343954
1305,681.4033752285384,2.1351586570213663
1306,681.6077905604141,2.122889554095953
1307,681.8121984549438,2.1335607452112306
1308,682.0165989095983,2.1414994720168954
1309,682.2209919218484,2.120027942829654
1310,682.4253774891649,2.1306907611014085
1311,682.6297556090198,2.1238524873377913
1312,682.8341262788844,2.1280578434080417
1313,683.0384894962309,2.1308500879177124
1314,683.2428452585322,2.135893870128706
1315,683.447193563261,2.1160296733008135
1316,683.6515344078907,2.1284191726622796
1317,683.855867789895,2.1241673328004262
1318,684.0601937067479,2.133536743677332
1319,684.2645121559236,2.133020914289079
1320,684.4688231348969,2.1235807498303942
1321,684.6731266411429,2.098609154189098
1322,684.8774226721375,2.1071316076171875
1323,685.081711225356,2.106127471279327
1324,685.2859922982748,2.1160669922762816
1325,685.4902658883705,2.0938915192529906
1326,685.69453199312,2.0880040889642713
1327,685.8987906100004,2.0674147562955905
1328,686.10304173649,2.063587988729938
1329,686.3072853700662,2.051107720435134
1330,686.5115215082076,2.0610853558767386
1331,686.715750148393,2.0800073997331627
1332,686.9199712881014,2.0821767910325604
1333,687.1241849248124,2.0645751164343427
1334,687.3283910560059,2.0745222750550205
1335,687.5325896791621,2.0526509913488007
1336,687.7367807917617,2.0665281364550894
1337,687.9409643912852,2.0533494387319546
1338,688.1451404752147,2.0490679851362015
1339,688.3493090410311,2.0600833792837214
